{
  "port": 8000,
  "blockedExtension": "exe",
  "VirtualHost": [
	{
 		"ServerName": "www.server1.com", 
 		"DocumentRoot": "/webapp/webapp1",
 		"IndexDocument": "/index.html",
 		"extJar": "/WEB-INF/ext.jar",
 		"ErrorDocument": {
	        "403": "/error/403.html",
	        "404": "/error/404.html",
	        "500": "/error/500.html"
      	},
      	"ServletMapping": {
      		"/Greeting": "Hello",
      		"/super.Greeting": "service.Hello",
      		"/ExtGreeting": "ext.ExtHello",
      		"/Extsuper.Greeting": "ext.service.ExtHello"
      	}
      	
	},
	{
 		"ServerName": "www.server2.com", 
 		"DocumentRoot": "/webapp/webapp2",
 		"IndexDocument": "/index.html",
 		"extJar": "",
 		"ErrorDocument": {
	        "index": "index.html",
	        "403": "/error/403.html",
	        "404": "/error/404.html",
	        "500": "/error/500.html"
      	}
	}
  ]
}