<?xml version="1.0" encoding="UTF-8" ?>

<configuration scan="true" scanPeriod="3 seconds">
	<!--  
    <statusListener class="ch.qos.logback.core.status.OnConsoleStatusListener"/>
	-->
    <statusListener class="ch.qos.logback.core.status.NopStatusListener"/>

    <appender name="STDOUT" class="ch.qos.logback.core.ConsoleAppender">
        <encoder class="ch.qos.logback.core.encoder.LayoutWrappingEncoder">
            <layout class="ch.qos.logback.classic.PatternLayout">
                <Pattern>%d{HH:mm:ss,SSS} [%thread] %-5level %logger{32} - %msg%n</Pattern>
            </layout>
        </encoder>
    </appender>

    <appender name="FILE" class="ch.qos.logback.core.rolling.RollingFileAppender">
        <File>logs/was_log.log</File>
        <rollingPolicy class="ch.qos.logback.core.rolling.TimeBasedRollingPolicy">
            <FileNamePattern>
                logs/was.%d{yyyy-MM-dd}.log.zip
            </FileNamePattern>
            <maxHistory>30</maxHistory>
        </rollingPolicy>
        <encoder class="ch.qos.logback.core.encoder.LayoutWrappingEncoder">
            <layout class="ch.qos.logback.classic.PatternLayout">
                <Pattern>%d{HH:mm:ss,SSS} [%thread] %-5level %logger{32} - %msg%n</Pattern>
            </layout>
        </encoder>
    </appender>

    <root>
        <level value="TRACE"/>
        <appender-ref ref="STDOUT"/>
        <appender-ref ref="FILE"/>
    </root>

</configuration>
